Country,ISO3,Continent,Year,Cases per 100k,Deaths per 100k,Cases,Deaths,Population,Median Age,Age Group
Afghanistan,AFG,Asia,2020,134.4,5.62,52319,2187,38928341,17.5,Under 25
Afghanistan,AFG,Asia,2021,271.8,13.27,105809,5166,38928341,17.7,Under 25
Afghanistan,AFG,Asia,2022,127.2,1.26,49516,489,38928341,17.8,Under 25
Afghanistan,AFG,Asia,2023,4.8,0.12,1869,47,38928341,18.0,Under 25
Albania,ALB,Europe,2020,2026.2,41.040000000000006,58311,1181,2877800,36.3,35-44
Albania,ALB,Europe,2021,5278.7,70.74,151911,2036,2877800,36.8,35-44
Albania,ALB,Europe,2022,4294.4,13.11,123582,378,2877800,37.1,35-44
Albania,ALB,Europe,2023,22.6,0.1,650,3,2877800,37.5,35-44
Algeria,DZA,Africa,2020,227.1,6.28,99586,2754,43851043,28.7,25-34
Algeria,DZA,Africa,2021,270.8,8.03,118747,3522,43851043,28.9,25-34
Algeria,DZA,Africa,2022,120.3,1.36,52753,596,43851043,29.1,25-34
Algeria,DZA,Africa,2023,0.5,0.0,220,0,43851043,29.3,25-34
Andorra,AND,Europe,2020,10417.5,108.7,8049,84,77265,43.4,35-44
Andorra,AND,Europe,2021,20308.1,72.47,15691,56,77265,43.7,35-44
Andorra,AND,Europe,2022,31076.1,32.349999999999994,24011,25,77265,44.0,35-44
Andorra,AND,Europe,2023,179.9,0.0,139,0,77265,44.3,35-44
Angola,AGO,Africa,2020,53.4,1.24,17551,407,32866268,17.3,Under 25
Angola,AGO,Africa,2021,194.9,4.17,64056,1371,32866268,17.4,Under 25
Angola,AGO,Africa,2022,71.5,0.5,23499,166,32866268,17.4,Under 25
Angola,AGO,Africa,2023,0.6,0.01,198,3,32866268,17.5,Under 25
Antigua and Barbuda,ATG,North America,2020,162.4,5.1,159,5,97928,35.5,35-44
Antigua and Barbuda,ATG,North America,2021,4211.3,116.41,4124,114,97928,35.9,35-44
Antigua and Barbuda,ATG,North America,2022,4925.099999999999,27.56,4823,27,97928,36.3,35-44
Antigua and Barbuda,ATG,North America,2023,0.0,0.0,0,0,97928,36.7,35-44
Argentina,ARG,South America,2020,3596.7,95.68,1625559,43242,45195777,32.3,25-34
Argentina,ARG,South America,2021,8914.2,163.56,4028843,73922,45195777,32.6,25-34
Argentina,ARG,South America,2022,9374.0,28.68,4236654,12961,45195777,32.9,25-34
Argentina,ARG,South America,2023,340.3,0.77,153801,348,45195777,33.3,25-34
Armenia,ARM,Asia,2020,5379.6,95.27,159409,2823,2963234,36.3,35-44
Armenia,ARM,Asia,2021,6260.7,173.75,185518,5149,2963234,36.8,35-44
Armenia,ARM,Asia,2022,3409.9,25.08,101045,744,2963234,36.9,35-44
Armenia,ARM,Asia,2023,45.0,0.36,1334,11,2963234,36.8,35-44
Australia,AUS,Oceania,2020,111.6,3.5500000000000003,28413,905,25459700,38.1,35-44
Australia,AUS,Oceania,2021,1559.5,5.27,397046,1342,25459700,38.4,35-44
Australia,AUS,Oceania,2022,42051.7,58.11,10706235,14794,25459700,38.6,35-44
Australia,AUS,Oceania,2023,1051.6,9.91,267734,2523,25459700,38.9,35-44
Austria,AUT,Europe,2020,3953.4,83.12,356059,7486,9006400,43.6,35-44
Austria,AUT,Europe,2021,10156.7,103.59,914752,9329,9006400,43.7,35-44
Austria,AUT,Europe,2022,49234.8,51.38,4434283,4628,9006400,43.9,35-44
Austria,AUT,Europe,2023,2843.0,5.8500000000000005,256051,527,9006400,44.2,35-44
Azerbaijan,AZE,Asia,2020,2156.9,26.05,218692,2641,10139175,32.3,25-34
Azerbaijan,AZE,Asia,2021,3927.8,56.38,398247,5717,10139175,32.8,25-34
Azerbaijan,AZE,Asia,2022,2065.6,16.29,209436,1651,10139175,33.3,25-34
Azerbaijan,AZE,Asia,2023,23.9,1.29,2423,130,10139175,33.9,25-34
Bahamas,BHS,North America,2020,2001.5,43.23,7871,170,393248,34.8,25-34
Bahamas,BHS,North America,2021,4222.6,139.11,16605,547,393248,35.1,35-44
Bahamas,BHS,North America,2022,3309.6,29.48,13015,116,393248,35.4,35-44
Bahamas,BHS,North America,2023,0.0,0.0,0,0,393248,35.8,35-44
Bahrain,BHR,Asia,2020,5446.4,20.71,92676,352,1701583,31.4,25-34
Bahrain,BHR,Asia,2021,11129.8,61.24999999999999,189383,1042,1701583,31.8,25-34
Bahrain,BHR,Asia,2022,24487.5,8.52,416675,145,1701583,33.6,25-34
Bahrain,BHR,Asia,2023,702.6,0.82,11956,14,1701583,34.2,25-34
Bangladesh,BGD,Asia,2020,311.8,4.6,513502,7576,164689383,25.6,25-34
Bangladesh,BGD,Asia,2021,650.9,12.46,1071963,20519,164689383,25.8,25-34
Bangladesh,BGD,Asia,2022,274.2,0.8300000000000001,451579,1365,164689383,26.2,25-34
Bangladesh,BGD,Asia,2023,0.5,0.0,824,0,164689383,26.5,25-34
Barbados,BRB,North America,2020,133.3,2.44,383,7,287371,39.3,35-44
Barbados,BRB,North America,2021,9806.9,88.05,28182,253,287371,39.5,35-44
Barbados,BRB,North America,2022,26777.3,107.19,76950,308,287371,39.8,35-44
Barbados,BRB,North America,2023,446.4,3.82,1283,11,287371,40.0,35-44
Belarus,BLR,Europe,2020,2056.0,15.08,194279,1424,9449321,40.7,35-44
Belarus,BLR,Europe,2021,5342.4,43.95,504821,4154,9449321,41.0,35-44
Belarus,BLR,Europe,2022,3121.3,16.3,294942,1540,9449321,41.4,35-44
Belarus,BLR,Europe,2023,0.0,0.0,0,0,9449321,41.7,35-44
Belgium,BEL,Europe,2020,5625.1,169.92,646473,19528,11492641,41.9,35-44
Belgium,BEL,Europe,2021,12693.7,76.59,1458842,8803,11492641,42.0,35-44
Belgium,BEL,Europe,2022,22300.2,42.61,2562883,4897,11492641,42.3,35-44
Belgium,BEL,Europe,2023,618.8,5.09,71117,586,11492641,42.6,35-44
Belize,BLZ,North America,2020,2710.2,62.37,10776,248,397621,25.9,25-34
Belize,BLZ,North America,2021,5549.2,89.04,22064,354,397621,26.3,25-34
Belize,BLZ,North America,2022,9331.9,21.62,37106,86,397621,26.7,25-34
Belize,BLZ,North America,2023,204.0,0.0,811,0,397621,27.2,25-34
Benin,BEN,Africa,2020,26.9,0.37,3261,44,12123198,18.5,Under 25
Benin,BEN,Africa,2021,178.79999999999998,0.96,21677,114,12123198,18.6,Under 25
Benin,BEN,Africa,2022,25.1,0.02,3042,2,12123198,18.7,Under 25
Benin,BEN,Africa,2023,0.2,0.0,24,0,12123198,18.8,Under 25
Bhutan,BTN,Asia,2020,86.9,0.0,670,0,771612,28.9,25-34
Bhutan,BTN,Asia,2021,257.9,0.39,1990,3,771612,29.5,25-34
Bhutan,BTN,Asia,2022,7758.3,2.34,59864,18,771612,30.1,25-34
Bhutan,BTN,Asia,2023,13.4,0.0,103,0,771612,30.7,25-34
Bolivia,BOL,South America,2020,1371.8,78.51,160130,9165,11673029,25.1,25-34
Bolivia,BOL,South America,2021,3766.2,90.1,439630,10518,11673029,25.3,25-34
Bolivia,BOL,South America,2022,4808.3,22.45,561275,2622,11673029,25.5,25-34
Bolivia,BOL,South America,2023,284.9,0.56,33256,66,11673029,25.8,25-34
Bosnia and Herzegovina,BIH,Europe,2020,3383.0,123.45,110990,4050,3280815,45.0,45+
Bosnia and Herzegovina,BIH,Europe,2021,5496.4,286.28000000000003,180327,9392,3280815,45.4,45+
Bosnia and Herzegovina,BIH,Europe,2022,3342.9,84.87,109674,2785,3280815,45.7,45+
Bosnia and Herzegovina,BIH,Europe,2023,22.4,1.61,734,53,3280815,46.1,45+
Botswana,BWA,Africa,2020,629.6,1.79,14807,42,2351625,23.4,Under 25
Botswana,BWA,Africa,2021,8704.7,102.15,204701,2402,2351625,23.5,Under 25
Botswana,BWA,Africa,2022,4607.7,14.89,108356,350,2351625,23.7,Under 25
Botswana,BWA,Africa,2023,80.7,0.3,1898,7,2351625,24.0,Under 25
Brazil,BRA,South America,2020,3613.5,91.77,7680834,195065,212559409,33.9,25-34
Brazil,BRA,South America,2021,6873.8,199.59,14610908,424247,212559409,34.3,25-34
Brazil,BRA,South America,2022,6604.799999999999,35.05,14039124,74502,212559409,34.7,25-34
Brazil,BRA,South America,2023,350.4,2.56,744808,5441,212559409,35.2,35-44
Brunei,BRN,Asia,2020,36.1,0.6900000000000001,157,3,437483,31.5,25-34
Brunei,BRN,Asia,2021,3500.3,21.71,15313,95,437483,32.0,25-34
Brunei,BRN,Asia,2022,57453.6,29.03,251349,127,437483,32.5,25-34
Brunei,BRN,Asia,2023,2935.4,0.0,12842,0,437483,33.0,25-34
Bulgaria,BGR,Europe,2020,2910.8,109.02,202255,7576,6948445,45.0,45+
Bulgaria,BGR,Europe,2021,7841.2,336.46,544843,23379,6948445,45.1,45+
Bulgaria,BGR,Europe,2022,7843.4,102.95,544993,7153,6948445,45.2,45+
Bulgaria,BGR,Europe,2023,77.89999999999999,1.73,5412,120,6948445,45.4,45+
Burkina Faso,BFA,Africa,2020,32.1,0.4,6709,83,20903278,17.7,Under 25
Burkina Faso,BFA,Africa,2021,52.1,1.1,10890,229,20903278,17.9,Under 25
Burkina Faso,BFA,Africa,2022,21.0,0.35,4390,72,20903278,18.1,Under 25
Burkina Faso,BFA,Africa,2023,0.2,0.0,42,0,20903278,18.4,Under 25
Burundi,BDI,Africa,2020,6.800000000000001,0.02,808,2,11890781,16.4,Under 25
Burundi,BDI,Africa,2021,223.4,0.31,26565,37,11890781,16.6,Under 25
Burundi,BDI,Africa,2022,204.7,0.0,24340,0,11890781,16.8,Under 25
Burundi,BDI,Africa,2023,16.0,0.0,1903,0,11890781,17.0,Under 25
Cabo Verde,CPV,Africa,2020,2129.5,20.34,11840,113,555988,27.5,25-34
Cabo Verde,CPV,Africa,2021,5376.3,43.0,29892,239,555988,28.0,25-34
Cabo Verde,CPV,Africa,2022,3861.2,10.79,21468,60,555988,28.6,25-34
Cabo Verde,CPV,Africa,2023,7.9,0.18,44,1,555988,29.1,25-34
Cambodia,KHM,Asia,2020,2.2,0.0,367,0,16718971,26.2,25-34
Cambodia,KHM,Asia,2021,718.3,18.03,120094,3015,16718971,26.5,25-34
Cambodia,KHM,Asia,2022,108.3,0.26,18107,44,16718971,26.7,25-34
Cambodia,KHM,Asia,2023,0.7999999999999999,0.0,134,0,16718971,27.0,25-34
Cameroon,CMR,Africa,2020,99.0,1.69,26283,449,26545864,18.5,Under 25
Cameroon,CMR,Africa,2021,313.0,5.29,83090,1404,26545864,18.6,Under 25
Cameroon,CMR,Africa,2022,55.1,0.43,14626,113,26545864,18.7,Under 25
Cameroon,CMR,Africa,2023,1.5,0.0,398,0,26545864,18.8,Under 25
Canada,CAN,North America,2020,1543.3000000000002,41.15,590252,15737,38246108,41.0,35-44
Canada,CAN,North America,2021,4271.0,38.12,1633492,14579,38246108,41.2,35-44
Canada,CAN,North America,2022,5964.9,49.45,2281342,18910,38246108,41.3,35-44
Canada,CAN,North America,2023,292.8,6.49,111984,2482,38246108,41.4,35-44
Central African Republic,CAF,Africa,2020,102.8,1.3,4965,63,4829764,15.4,Under 25
Central African Republic,CAF,Africa,2021,149.1,0.78,7200,38,4829764,15.3,Under 25
Central African Republic,CAF,Africa,2022,66.1,0.25,3193,12,4829764,15.3,Under 25
Central African Republic,CAF,Africa,2023,0.4,0.0,19,0,4829764,15.4,Under 25
Chad,TCD,Africa,2020,12.7,0.64,2086,105,16425859,15.9,Under 25
Chad,TCD,Africa,2021,21.7,0.49,3562,82,16425859,16.1,Under 25
Chad,TCD,Africa,2022,11.6,0.08,1905,14,16425859,16.2,Under 25
Chad,TCD,Africa,2023,0.2,0.0,33,0,16425859,16.6,Under 25
Chile,CHL,South America,2020,3185.7000000000003,86.88,608984,16608,19116209,35.9,35-44
Chile,CHL,South America,2021,6264.3,117.75,1197497,22509,19116209,36.3,35-44
Chile,CHL,South America,2022,16902.2,125.84,3231058,24055,19116209,36.7,35-44
Chile,CHL,South America,2023,809.6,5.76,154765,1100,19116209,37.2,35-44
China,CHN,Asia,2020,7.1000000000000005,0.3399999999999999,100238,4800,1411778724,38.7,35-44
China,CHN,Asia,2021,1.9,0.01,26826,141,1411778724,39.3,35-44
China,CHN,Asia,2022,315.7,0.8400000000000001,4456984,11858,1411778724,39.8,35-44
China,CHN,Asia,2023,22.6,5.95,319062,84001,1411778724,40.3,35-44
Colombia,COL,South America,2020,3228.6,84.92,1642804,43211,50882884,31.6,25-34
Colombia,COL,South America,2021,6907.4,170.47,3514683,86739,50882884,32.0,25-34
Colombia,COL,South America,2022,2317.6,23.45,1179261,11934,50882884,32.4,25-34
Colombia,COL,South America,2023,44.2,0.9,22491,457,50882884,32.8,25-34
Comoros,COM,Africa,2020,94.7,1.14,823,10,869595,20.8,Under 25
Comoros,COM,Africa,2021,654.6,16.88,5692,147,869595,21.0,Under 25
Comoros,COM,Africa,2022,283.6,0.45,2467,4,869595,21.2,Under 25
Comoros,COM,Africa,2023,2.9000000000000004,0.0,26,0,869595,21.4,Under 25
Congo (Brazzaville),COG,Africa,2020,128.7,1.95,7103,108,5518092,19.1,Under 25
Congo (Brazzaville),COG,Africa,2021,235.3,4.7,12984,259,5518092,19.2,Under 25
Congo (Brazzaville),COG,Africa,2022,95.6,0.35,5277,19,5518092,19.3,Under 25
Congo (Brazzaville),COG,Africa,2023,0.2,0.04,11,2,5518092,19.4,Under 25
Congo (Kinshasa),COD,Africa,2020,19.6,0.6799999999999999,17555,611,89561404,16.8,Under 25
Congo (Kinshasa),COD,Africa,2021,63.8,0.7,57141,628,89561404,16.8,Under 25
Congo (Kinshasa),COD,Africa,2022,22.6,0.28,20241,252,89561404,16.8,Under 25
Congo (Kinshasa),COD,Africa,2023,0.6000000000000001,0.0,538,0,89561404,16.8,Under 25
Costa Rica,CRI,North America,2020,3323.9,42.89,169322,2185,5094114,33.8,25-34
Costa Rica,CRI,North America,2021,7876.6,101.45,401242,5168,5094114,34.3,25-34
Costa Rica,CRI,North America,2022,11604.2,33.75,591132,1719,5094114,34.8,25-34
Costa Rica,CRI,North America,2023,943.0,3.4,48037,173,5094114,35.3,35-44
Cote d'Ivoire,CIV,Africa,2020,85.4,0.51,22528,133,26378275,18.9,Under 25
Cote d'Ivoire,CIV,Africa,2021,183.9,2.17,48509,573,26378275,18.9,Under 25
Cote d'Ivoire,CIV,Africa,2022,64.1,0.43,16909,114,26378275,19.0,Under 25
Cote d'Ivoire,CIV,Africa,2023,1.3,0.01,343,3,26378275,19.2,Under 25
Croatia,HRV,Europe,2020,5135.6,95.5,210831,3920,4105268,45.4,45+
Croatia,HRV,Europe,2021,12287.0,209.93,504415,8618,4105268,45.5,45+
Croatia,HRV,Europe,2022,13364.7,123.21,548657,5058,4105268,45.7,45+
Croatia,HRV,Europe,2023,132.1,9.52,5423,391,4105268,45.8,45+
Cuba,CUB,North America,2020,104.7,1.29,11858,147,11326616,42.4,35-44
Cuba,CUB,North America,2021,8424.0,72.17,954155,8176,11326616,42.4,35-44
Cuba,CUB,North America,2022,1288.9,1.84,145990,208,11326616,42.6,35-44
Cuba,CUB,North America,2023,5.7,0.0,646,0,11326616,42.8,35-44
Cyprus,CYP,Asia,2020,1850.8,9.94,22345,120,1207361,37.7,35-44
Cyprus,CYP,Asia,2021,11966.7,42.91,144483,518,1207361,38.1,35-44
Cyprus,CYP,Asia,2022,38454.4,51.36,464284,620,1207361,38.5,35-44
Cyprus,CYP,Asia,2023,1621.3,5.96,19575,72,1207361,39.0,35-44
Czechia,CZE,Europe,2020,6710.8,108.13,718659,11581,10708982,43.5,35-44
Czechia,CZE,Europe,2021,16407.6,229.23,1757086,24549,10708982,43.8,35-44
Czechia,CZE,Europe,2022,19648.7,56.03,2104176,6000,10708982,43.5,35-44
Czechia,CZE,Europe,2023,358.4,3.35,38381,360,10708982,43.9,35-44
Denmark,DNK,Europe,2020,2811.6,22.24,164118,1298,5837213,42.2,35-44
Denmark,DNK,Europe,2021,11078.4,33.980000000000004,646671,1984,5837213,42.3,35-44
Denmark,DNK,Europe,2022,44913.5,77.54,2621696,4525,5837213,42.2,35-44
Denmark,DNK,Europe,2023,318.1,9.22,18568,538,5837213,42.3,35-44
Djibouti,DJI,Africa,2020,590.2,6.17,5831,61,988002,24.7,Under 25
Djibouti,DJI,Africa,2021,792.1,12.95,7825,128,988002,24.9,Under 25
Djibouti,DJI,Africa,2022,205.8,0.0,2034,0,988002,25.2,25-34
Djibouti,DJI,Africa,2023,0.0,0.0,0,0,988002,25.5,25-34
Dominica,DMA,North America,2020,122.4,0.0,88,0,71991,35.7,35-44
Dominica,DMA,North America,2021,9342.7,65.29,6726,47,71991,36.1,35-44
Dominica,DMA,North America,2022,12426.6,37.5,8946,27,71991,36.5,35-44
Dominica,DMA,North America,2023,0.0,0.0,0,0,71991,36.8,35-44
Dominican Republic,DOM,North America,2020,1574.3,22.25,170778,2415,10847904,27.8,25-34
Dominican Republic,DOM,North America,2021,2286.1,16.88,247993,1832,10847904,28.1,25-34
Dominican Republic,DOM,North America,2022,2182.6,1.26,236766,138,10847904,28.5,25-34
Dominican Republic,DOM,North America,2023,48.4,0.0,5250,0,10847904,28.8,25-34
Ecuador,ECU,South America,2020,1204.3,79.55,212475,14035,17643060,28.4,25-34
Ecuador,ECU,South America,2021,1909.7,111.36,336929,19650,17643060,28.8,25-34
Ecuador,ECU,South America,2022,2783.2,12.8,491043,2257,17643060,29.2,25-34
Ecuador,ECU,South America,2023,94.5,0.41,16673,72,17643060,29.6,25-34
Egypt,EGY,Africa,2020,135.0,7.46,138150,7635,102334403,24.6,Under 25
Egypt,EGY,Africa,2021,241.9,13.81,247549,14134,102334403,24.7,Under 25
Egypt,EGY,Africa,2022,127.0,2.97,129965,3039,102334403,24.9,Under 25
Egypt,EGY,Africa,2023,0.2,0.0,204,0,102334403,25.1,25-34
El Salvador,SLV,North America,2020,713.1,20.46,46252,1327,6486201,26.9,25-34
El Salvador,SLV,North America,2021,1167.1,38.5,75700,2497,6486201,27.3,25-34
El Salvador,SLV,North America,2022,1231.0,6.2700000000000005,79845,406,6486201,27.7,25-34
El Salvador,SLV,North America,2023,0.0,0.0,0,0,6486201,28.2,25-34
Equatorial Guinea,GNQ,Africa,2020,376.0,6.13,5276,86,1402985,22.1,Under 25
Equatorial Guinea,GNQ,Africa,2021,601.1,6.34,8435,89,1402985,22.0,Under 25
Equatorial Guinea,GNQ,Africa,2022,254.4,0.5700000000000001,3570,8,1402985,22.0,Under 25
Equatorial Guinea,GNQ,Africa,2023,3.1,0.0,43,0,1402985,22.0,Under 25
Eritrea,ERI,Africa,2020,37.2,0.08,1319,3,3546427,19.1,Under 25
Eritrea,ERI,Africa,2021,188.9,2.03,6701,73,3546427,19.3,Under 25
Eritrea,ERI,Africa,2022,61.5,0.76,2182,27,3546427,19.5,Under 25
Eritrea,ERI,Africa,2023,0.0,0.0,0,0,3546427,19.8,Under 25
Estonia,EST,Europe,2020,2110.1,17.65,27988,234,1326539,42.5,35-44
Estonia,EST,Europe,2021,16088.4,128.39,213419,1703,1326539,42.5,35-44
Estonia,EST,Europe,2022,27928.5,69.49,370482,922,1326539,42.7,35-44
Estonia,EST,Europe,2023,267.1,6.93,3542,92,1326539,43.0,35-44
Eswatini,SWZ,Africa,2020,806.6,17.68,9357,205,1160164,22.4,Under 25
Eswatini,SWZ,Africa,2021,4891.5,94.65,56751,1098,1160164,22.7,Under 25
Eswatini,SWZ,Africa,2022,682.0,10.25,7913,119,1160164,22.9,Under 25
Eswatini,SWZ,Africa,2023,21.3,0.26,247,3,1160164,23.1,Under 25
Ethiopia,ETH,Africa,2020,108.1,1.69,124277,1941,114963583,19.2,Under 25
Ethiopia,ETH,Africa,2021,257.5,4.36,296033,5011,114963583,19.4,Under 25
Ethiopia,ETH,Africa,2022,67.5,0.5499999999999999,77602,630,114963583,19.6,Under 25
Ethiopia,ETH,Africa,2023,1.8,0.0,2070,0,114963583,19.8,Under 25
Fiji,FJI,Oceania,2020,5.5,0.22,49,2,896444,28.2,25-34
Fiji,FJI,Oceania,2021,5943.8,77.64,53283,696,896444,28.4,25-34
Fiji,FJI,Oceania,2022,1714.7,20.4,15370,183,896444,28.6,25-34
Fiji,FJI,Oceania,2023,21.9,0.22,196,2,896444,28.8,25-34
Finland,FIN,Europe,2020,657.3,10.68,36421,592,5540718,43.3,35-44
Finland,FIN,Europe,2021,4230.7,20.25,234412,1122,5540718,43.4,35-44
Finland,FIN,Europe,2022,21069.1,112.24,1167378,6219,5540718,43.6,35-44
Finland,FIN,Europe,2023,459.1,18.66,25438,1034,5540718,43.9,35-44
France,FRA,Europe,2020,4103.6,99.25,2677593,64760,65249843,42.3,35-44
France,FRA,Europe,2021,11341.1,91.92,7400049,59979,65249843,42.5,35-44
France,FRA,Europe,2022,45089.0,58.67,29420501,38282,65249843,42.7,35-44
France,FRA,Europe,2023,564.8,4.86,368530,3172,65249843,43.0,35-44
Gabon,GAB,Africa,2020,430.2,2.85,9576,64,2225728,22.5,Under 25
Gabon,GAB,Africa,2021,1447.8,10.04,32225,224,2225728,22.5,Under 25
Gabon,GAB,Africa,2022,322.8,0.7899999999999999,7185,18,2225728,22.5,Under 25
Gabon,GAB,Africa,2023,0.0,0.0,0,0,2225728,22.5,Under 25
Gambia,GMB,Africa,2020,157.2,5.13,3798,124,2416664,18.7,Under 25
Gambia,GMB,Africa,2021,263.7,9.06,6372,219,2416664,18.9,Under 25
Gambia,GMB,Africa,2022,99.9,1.19,2413,29,2416664,19.1,Under 25
Gambia,GMB,Africa,2023,0.5,0.0,12,0,2416664,19.3,Under 25
Georgia,GEO,Asia,2020,5700.8,62.8,227415,2505,3989175,37.5,35-44
Georgia,GEO,Asia,2021,17731.1,283.13,707325,11295,3989175,37.6,35-44
Georgia,GEO,Asia,2022,21911.4,77.64,874084,3097,3989175,37.7,35-44
Georgia,GEO,Asia,2023,469.2,1.86,18717,74,3989175,37.9,35-44
Germany,DEU,Europe,2020,2068.2,39.77,1719812,33070,83155031,45.9,45+
Germany,DEU,Europe,2021,6481.0,94.45,5389277,78540,83155031,46.0,45+
Germany,DEU,Europe,2022,36390.7,59.97,30260698,49868,83155031,46.1,45+
Germany,DEU,Europe,2023,1057.3,8.99,879197,7475,83155031,46.2,45+
Ghana,GHA,Africa,2020,176.3,1.08,54781,335,31072945,21.5,Under 25
Ghana,GHA,Africa,2021,284.0,3.11,88248,966,31072945,21.6,Under 25
Ghana,GHA,Africa,2022,90.3,0.53,28058,164,31072945,21.8,Under 25
Ghana,GHA,Africa,2023,0.6000000000000001,0.0,186,0,31072945,22.0,Under 25
Greece,GRC,Europe,2020,1332.1,46.41,138845,4838,10423056,45.5,45+
Greece,GRC,Europe,2021,10284.9,153.04,1072002,15952,10423056,46.2,45+
Greece,GRC,Europe,2022,41615.8,134.2,4337636,13989,10423056,46.6,45+
Greece,GRC,Europe,2023,0.0,0.0,0,0,10423056,46.9,45+
Grenada,GRD,North America,2020,113.0,0.0,127,0,112519,33.2,25-34
Grenada,GRD,North America,2021,5380.5,177.75,6054,200,112519,33.6,25-34
Grenada,GRD,North America,2022,11965.3,33.78,13463,38,112519,34.1,25-34
Grenada,GRD,North America,2023,32.0,0.0,36,0,112519,34.6,25-34
Guatemala,GTM,North America,2020,770.3,26.86,138005,4813,17915567,22.7,Under 25
Guatemala,GTM,North America,2021,2737.1,63.05,490368,11294,17915567,23.1,Under 25
Guatemala,GTM,North America,2022,3213.7,21.73,575752,3893,17915567,23.4,Under 25
Guatemala,GTM,North America,2023,190.4,1.01,34111,181,17915567,23.8,Under 25
Guinea,GIN,Africa,2020,104.5,0.62,13723,83,13132792,18.6,Under 25
Guinea,GIN,Africa,2021,139.5,2.36,18320,311,13132792,18.8,Under 25
Guinea,GIN,Africa,2022,46.9,0.58,6161,79,13132792,18.9,Under 25
Guinea,GIN,Africa,2023,0.4,0.01,52,1,13132792,19.1,Under 25
Guinea-Bissau,GNB,Africa,2020,124.5,2.28,2452,45,1967998,19.5,Under 25
Guinea-Bissau,GNB,Africa,2021,204.8,5.2700000000000005,4031,104,1967998,19.6,Under 25
Guinea-Bissau,GNB,Africa,2022,125.1,1.37,2462,27,1967998,19.8,Under 25
Guinea-Bissau,GNB,Africa,2023,0.7,0.0,14,0,1967998,20.0,Under 25
Guyana,GUY,South America,2020,805.0,20.84,6332,164,786559,26.0,25-34
Guyana,GUY,South America,2021,4226.2,113.16,33241,890,786559,26.2,25-34
Guyana,GUY,South America,2022,4143.4,29.48,32590,232,786559,26.5,25-34
Guyana,GUY,South America,2023,116.0,1.53,912,12,786559,26.8,25-34
Haiti,HTI,North America,2020,87.69999999999999,2.07,10000,238,11402533,23.9,Under 25
Haiti,HTI,North America,2021,141.8,4.720000000000001,16169,537,11402533,24.1,Under 25
Haiti,HTI,North America,2022,67.9,0.77,7744,87,11402533,24.4,Under 25
Haiti,HTI,North America,2023,2.7,0.0,307,0,11402533,24.6,Under 25
Honduras,HND,North America,2020,1229.8,31.6,121807,3130,9904608,23.7,Under 25
Honduras,HND,North America,2021,2600.6,73.73,257581,7303,9904608,24.0,Under 25
Honduras,HND,North America,2022,873.3,6.43,86498,638,9904608,24.4,Under 25
Honduras,HND,North America,2023,64.0,0.4,6339,40,9904608,24.7,Under 25
Hungary,HUN,Europe,2020,3338.6000000000004,98.73,322520,9537,9660350,43.6,35-44
Hungary,HUN,Europe,2021,9667.6,306.91,933925,29649,9660350,43.8,35-44
Hungary,HUN,Europe,2022,9620.8,96.35,929403,9309,9660350,44.2,35-44
Hungary,HUN,Europe,2023,113.7,2.77,10984,267,9660350,44.5,35-44
Iceland,ISL,Europe,2020,1686.2,8.5,5754,29,341250,36.7,35-44
Iceland,ISL,Europe,2021,6243.299999999999,2.35,21305,8,341250,36.8,35-44
Iceland,ISL,Europe,2022,53015.3,56.26,180915,192,341250,36.7,35-44
Iceland,ISL,Europe,2023,340.8,18.75,1163,64,341250,36.9,35-44
India,IND,Asia,2020,745.5,10.79,10287932,148902,1380004385,28.2,25-34
India,IND,Asia,2021,1780.8,24.1,24575119,332580,1380004385,28.5,25-34
India,IND,Asia,2022,711.4,3.5700000000000003,9817350,49266,1380004385,28.9,25-34
India,IND,Asia,2023,0.8,0.0,11040,0,1380004385,29.2,25-34
Indonesia,IDN,Asia,2020,271.70000000000005,8.08,743163,22101,273523621,30.2,25-34
Indonesia,IDN,Asia,2021,1286.8,44.6,3519702,121993,273523621,30.4,25-34
Indonesia,IDN,Asia,2022,898.3000000000001,6.04,2457063,16521,273523621,30.7,25-34
Indonesia,IDN,Asia,2023,6.7,0.12,18326,327,273523621,31.0,25-34
Iran,IRN,Asia,2020,1458.6,65.75,1225122,55225,83992953,32.6,25-34
Iran,IRN,Asia,2021,5916.4,90.95,4969361,76391,83992953,33.1,25-34
Iran,IRN,Asia,2022,1627.1,15.6,1366648,13102,83992953,33.6,25-34
Iran,IRN,Asia,2023,13.2,0.29,11088,243,83992953,34.1,25-34
Iraq,IRQ,Asia,2020,1480.0,31.86,595294,12815,40222503,20.7,Under 25
Iraq,IRQ,Asia,2021,3725.4,28.21,1498450,11346,40222503,21.0,Under 25
Iraq,IRQ,Asia,2022,923.3,3.01,371374,1209,40222503,21.2,Under 25
Iraq,IRQ,Asia,2023,1.1,0.0,442,0,40222503,21.5,Under 25
Ireland,IRL,Europe,2020,1858.7,45.32,91779,2237,4937796,38.5,35-44
Ireland,IRL,Europe,2021,14111.2,74.41,696783,3675,4937796,38.8,35-44
Ireland,IRL,Europe,2022,18208.8,48.21,899113,2381,4937796,39.2,35-44
Ireland,IRL,Europe,2023,341.0,8.4,16837,415,4937796,39.6,35-44
Israel,ISR,Asia,2020,4890.3,38.41,423282,3325,8655541,30.0,25-34
Israel,ISR,Asia,2021,11099.0,56.83,960678,4918,8655541,30.1,25-34
Israel,ISR,Asia,2022,39047.4,43.83,3379764,3794,8655541,30.1,25-34
Israel,ISR,Asia,2023,463.9,3.37,40153,292,8655541,30.2,25-34
Italy,ITA,Europe,2020,3485.0,122.68,2107095,74176,60461828,47.6,45+
Italy,ITA,Europe,2021,6646.299999999999,104.61,4018476,63250,60461828,48.0,45+
Italy,ITA,Europe,2022,31454.6,78.12,19018025,47230,60461828,48.3,45+
Italy,ITA,Europe,2023,760.5,6.09,459813,3683,60461828,48.7,45+
Jamaica,JAM,North America,2020,433.1,10.18,12825,302,2961161,31.5,25-34
Jamaica,JAM,North America,2021,2738.5,73.32,81091,2171,2961161,31.9,25-34
Jamaica,JAM,North America,2022,1986.8,33.36,58831,988,2961161,32.4,25-34
Jamaica,JAM,North America,2023,56.0,1.79,1657,53,2961161,32.9,25-34
Japan,JPN,Asia,2020,186.4,2.76,235752,3490,126476458,48.9,45+
Japan,JPN,Asia,2021,1183.9,11.78,1497355,14899,126476458,49.4,45+
Japan,JPN,Asia,2022,21744.2,30.72,27501294,38856,126476458,49.7,45+
Japan,JPN,Asia,2023,3230.5,12.44,4085821,15733,126476458,50.2,45+
Jordan,JOR,Asia,2020,2886.4,37.58,294504,3834,10203140,24.4,Under 25
Jordan,JOR,Asia,2021,7536.0,86.43,768908,8819,10203140,24.8,Under 25
Jordan,JOR,Asia,2022,6700.0,14.4,683610,1469,10203140,25.1,25-34
Jordan,JOR,Asia,2023,0.0,0.0,0,0,10203140,25.4,25-34
Kazakhstan,KAZ,Asia,2020,1071.5,14.64,201193,2749,18776707,30.3,25-34
Kazakhstan,KAZ,Asia,2021,4640.2,82.36,871277,15464,18776707,30.3,25-34
Kazakhstan,KAZ,Asia,2022,2214.3,4.5,415772,846,18776707,30.4,25-34
Kazakhstan,KAZ,Asia,2023,55.2,0.08,10365,16,18776707,30.5,25-34
Kenya,KEN,Africa,2020,179.29999999999998,3.11,96411,1672,53771300,19.9,Under 25
Kenya,KEN,Africa,2021,369.2,6.88,198525,3699,53771300,20.1,Under 25
Kenya,KEN,Africa,2022,88.2,0.5700000000000001,47425,306,53771300,20.4,Under 25
Kenya,KEN,Africa,2023,0.8,0.0,431,0,53771300,20.7,Under 25
Kiribati,KIR,Oceania,2020,0.0,0.0,0,0,117606,23.3,Under 25
Kiribati,KIR,Oceania,2021,1.7,0.0,2,0,117606,23.4,Under 25
Kiribati,KIR,Oceania,2022,2914.8,11.05,3428,13,117606,23.6,Under 25
Kiribati,KIR,Oceania,2023,1347.0,4.25,1584,5,117606,23.8,Under 25
Korea  North,PRK,Asia,2020,0.0,0.0,0,0,25778815,36.5,35-44
Korea  North,PRK,Asia,2021,0.0,0.0,0,0,25778815,36.7,35-44
Korea  North,PRK,Asia,2022,0.0,0.02,0,5,25778815,36.9,35-44
Korea  North,PRK,Asia,2023,0.0,0.0,0,0,25778815,37.2,35-44
Kosovo,XKS,Europe,2020,2825.1,73.58,51145,1332,1810366,30.9,25-34
Kosovo,XKS,Europe,2021,6095.0,91.6,110344,1658,1810366,31.5,25-34
Kosovo,XKS,Europe,2022,6120.3,11.72,110800,212,1810366,32.1,25-34
Kosovo,XKS,Europe,2023,56.900000000000006,0.5,1029,9,1810366,32.8,25-34
Kuwait,KWT,Asia,2020,3526.1,21.89,150584,934,4270563,38.1,35-44
Kuwait,KWT,Asia,2021,6241.5,35.91,266547,1534,4270563,33.7,25-34
Kuwait,KWT,Asia,2022,5751.2,2.38,245608,102,4270563,35.2,35-44
Kuwait,KWT,Asia,2023,26.1,0.0,1115,0,4270563,35.8,35-44
Kyrgyzstan,KGZ,Asia,2020,1242.0,25.68,81030,1675,6524191,25.7,25-34
Kyrgyzstan,KGZ,Asia,2021,1588.9,22.17,103663,1447,6524191,25.9,25-34
Kyrgyzstan,KGZ,Asia,2022,335.3,2.91,21876,189,6524191,26.1,25-34
Kyrgyzstan,KGZ,Asia,2023,2.2,0.0,144,0,6524191,26.2,25-34
Laos,LAO,Asia,2020,0.4,0.0,29,0,7275556,24.5,Under 25
Laos,LAO,Asia,2021,1526.0,5.109999999999999,111026,372,7275556,24.8,Under 25
Laos,LAO,Asia,2022,1467.1,5.3,106740,386,7275556,25.1,25-34
Laos,LAO,Asia,2023,3.1,0.0,226,0,7275556,25.4,25-34
Latvia,LVA,Europe,2020,2168.6,33.68,40902,635,1886202,43.9,35-44
Latvia,LVA,Europe,2021,12499.7,208.63,235770,3935,1886202,43.9,35-44
Latvia,LVA,Europe,2022,36960.8,84.33,697155,1591,1886202,44.0,35-44
Latvia,LVA,Europe,2023,128.6,5.72,2426,108,1886202,44.2,35-44
Lebanon,LBN,Asia,2020,2659.2,21.51,181502,1468,6825442,28.9,25-34
Lebanon,LBN,Asia,2021,8005.6,112.11,546418,7651,6825442,29.0,25-34
Lebanon,LBN,Asia,2022,7246.3,23.85,494591,1627,6825442,29.2,25-34
Lebanon,LBN,Asia,2023,151.1,1.39,10313,95,6825442,29.4,25-34
Lesotho,LSO,Africa,2020,144.5,2.38,3095,51,2142252,22.1,Under 25
Lesotho,LSO,Africa,2021,1181.6,28.66,25314,614,2142252,22.2,Under 25
Lesotho,LSO,Africa,2022,284.0,1.92,6085,41,2142252,22.3,Under 25
Lesotho,LSO,Africa,2023,14.0,0.79,300,17,2142252,22.5,Under 25
Liberia,LBR,Africa,2020,35.5,1.65,1796,83,5057677,19.0,Under 25
Liberia,LBR,Africa,2021,88.6,4.04,4482,204,5057677,19.1,Under 25
Liberia,LBR,Africa,2022,34.8,0.14,1757,7,5057677,19.3,Under 25
Liberia,LBR,Africa,2023,1.0,0.02,50,1,5057677,19.5,Under 25
Libya,LBY,Africa,2020,1459.3,21.5,100273,1478,6871287,27.6,25-34
Libya,LBY,Africa,2021,4197.8,61.61,288442,4232,6871287,27.8,25-34
Libya,LBY,Africa,2022,1723.2,10.58,118404,727,6871287,28.1,25-34
Libya,LBY,Africa,2023,0.7,0.0,49,0,6871287,28.3,25-34
Lithuania,LTU,Europe,2020,5328.3,66.12,145052,1800,2722291,44.1,35-44
Lithuania,LTU,Europe,2021,13935.8,205.59,379372,5597,2722291,44.0,35-44
Lithuania,LTU,Europe,2022,28062.7,76.56,763948,2084,2722291,43.3,35-44
Lithuania,LTU,Europe,2023,700.6,4.220000000000001,19073,115,2722291,43.0,35-44
Luxembourg,LUX,Europe,2020,7426.2,79.08,46485,495,625976,39.6,35-44
Luxembourg,LUX,Europe,2021,9161.8,67.11,57351,420,625976,39.7,35-44
Luxembourg,LUX,Europe,2022,33225.0,42.04,207980,263,625976,39.7,35-44
Luxembourg,LUX,Europe,2023,898.0,6.710000000000001,5621,42,625976,40.1,35-44
Madagascar,MDG,Africa,2020,63.9,0.95,17695,264,27691019,19.5,Under 25
Madagascar,MDG,Africa,2021,117.6,2.78,32565,771,27691019,19.6,Under 25
Madagascar,MDG,Africa,2022,63.0,1.4,17444,387,27691019,19.8,Under 25
Madagascar,MDG,Africa,2023,0.5,0.02,139,6,27691019,20.0,Under 25
Malawi,MWI,Africa,2020,34.4,1.0,6580,192,19129955,18.0,Under 25
Malawi,MWI,Africa,2021,358.1,11.36,68503,2173,19129955,18.2,Under 25
Malawi,MWI,Africa,2022,68.7,1.6800000000000002,13142,322,19129955,18.5,Under 25
Malawi,MWI,Africa,2023,2.5,0.01,478,2,19129955,18.7,Under 25
Malaysia,MYS,Asia,2020,349.1,1.46,112989,472,32365998,29.9,25-34
Malaysia,MYS,Asia,2021,8172.5,95.82,2645111,31012,32365998,30.3,25-34
Malaysia,MYS,Asia,2022,7009.099999999999,16.57,2268566,5361,32365998,30.8,25-34
Malaysia,MYS,Asia,2023,55.7,0.35,18028,113,32365998,31.3,25-34
Maldives,MDV,Asia,2020,2544.9,8.87,13757,48,540542,30.4,25-34
Maldives,MDV,Asia,2021,15159.4,39.56,81943,214,540542,30.9,25-34
Maldives,MDV,Asia,2022,16646.0,9.04,89978,49,540542,31.7,25-34
Maldives,MDV,Asia,2023,11.0,0.0,60,0,540542,32.5,25-34
Mali,MLI,Africa,2020,35.0,1.32,7088,266,20250834,16.2,Under 25
Mali,MLI,Africa,2021,68.5,1.91,13873,386,20250834,16.3,Under 25
Mali,MLI,Africa,2022,58.0,0.39,11744,79,20250834,16.4,Under 25
Mali,MLI,Africa,2023,1.5,0.0,304,0,20250834,16.5,Under 25
Malta,MLT,Europe,2020,2893.0,49.6,12774,219,441539,40.0,35-44
Malta,MLT,Europe,2021,8991.0,58.22,39699,257,441539,40.5,35-44
Malta,MLT,Europe,2022,14474.7,76.78,63911,339,441539,41.0,35-44
Malta,MLT,Europe,2023,277.7,2.95,1226,13,441539,41.6,35-44
Marshall Islands,MHL,Oceania,2020,6.8,0.0,4,0,58413,22.4,Under 25
Marshall Islands,MHL,Oceania,2021,0.0,0.0,0,0,58413,22.1,Under 25
Marshall Islands,MHL,Oceania,2022,26608.7,29.1,15543,17,58413,21.8,Under 25
Marshall Islands,MHL,Oceania,2023,174.6,0.0,102,0,58413,21.6,Under 25
Mauritania,MRT,Africa,2020,308.8,7.45,14358,347,4649660,17.9,Under 25
Mauritania,MRT,Africa,2021,583.0,11.15,27107,519,4649660,17.9,Under 25
Mauritania,MRT,Africa,2022,472.2,2.8000000000000003,21956,131,4649660,18.1,Under 25
Mauritania,MRT,Africa,2023,5.2,0.0,242,0,4649660,18.2,Under 25
Mauritius,MUS,Africa,2020,41.4,0.79,527,10,1271767,37.1,35-44
Mauritius,MUS,Africa,2021,5343.2,61.02,67954,776,1271767,37.3,35-44
Mauritius,MUS,Africa,2022,17416.7,20.06,221501,255,1271767,37.7,35-44
Mauritius,MUS,Africa,2023,476.6,0.24,6062,3,1271767,38.2,35-44
Mexico,MEX,North America,2020,1116.0,98.44,1426163,125799,127792286,29.1,25-34
Mexico,MEX,North America,2021,1998.2,135.87,2553545,173631,127792286,29.4,25-34
Mexico,MEX,North America,2022,2546.9,24.78,3254742,31668,127792286,29.7,25-34
Mexico,MEX,North America,2023,194.9,1.64,249068,2095,127792286,30.1,25-34
Micronesia,FSM,Oceania,2020,0.0,0.0,0,0,113815,23.2,Under 25
Micronesia,FSM,Oceania,2021,0.9,0.0,1,0,113815,23.5,Under 25
Micronesia,FSM,Oceania,2022,19507.0,50.96,22202,58,113815,23.7,Under 25
Micronesia,FSM,Oceania,2023,1533.2,2.64,1745,3,113815,24.0,Under 25
Moldova,MDA,Europe,2020,3595.6,74.12,144818,2985,4027690,38.0,35-44
Moldova,MDA,Europe,2021,5743.6,180.99,231335,7290,4027690,38.3,35-44
Moldova,MDA,Europe,2022,5472.1,41.16,220399,1658,4027690,38.6,35-44
Moldova,MDA,Europe,2023,362.3,1.74,14593,70,4027690,38.9,35-44
Mongolia,MNG,Asia,2020,36.5,0.03,1197,1,3278292,27.5,25-34
Mongolia,MNG,Asia,2021,21091.0,60.56,691424,1985,3278292,27.6,25-34
Mongolia,MNG,Asia,2022,9598.0,4.57,314648,150,3278292,27.7,25-34
Mongolia,MNG,Asia,2023,19.4,0.0,635,0,3278292,27.8,25-34
Montenegro,MNE,Europe,2020,7681.799999999999,108.61,48247,682,628062,39.8,35-44
Montenegro,MNE,Europe,2021,19390.8,275.3,121787,1729,628062,40.0,35-44
Montenegro,MNE,Europe,2022,18266.0,60.51,114722,380,628062,40.2,35-44
Montenegro,MNE,Europe,2023,645.2,2.71,4052,17,628062,40.4,35-44
Morocco,MAR,Africa,2020,1189.9,20.01,439198,7385,36910558,29.4,25-34
Morocco,MAR,Africa,2021,1419.4,20.21,523910,7460,36910558,29.7,25-34
Morocco,MAR,Africa,2022,835.9,3.92,308534,1447,36910558,30.0,25-34
Morocco,MAR,Africa,2023,2.4,0.01,885,4,36910558,30.4,25-34
Mozambique,MOZ,Africa,2020,59.6,0.53,18629,166,31255435,17.2,Under 25
Mozambique,MOZ,Africa,2021,545.2,5.89,170404,1842,31255435,17.2,Under 25
Mozambique,MOZ,Africa,2022,134.1,0.73,41914,227,31255435,17.3,Under 25
Mozambique,MOZ,Africa,2023,7.2,0.04,2250,12,31255435,17.4,Under 25
Myanmar,MMR,Asia,2020,229.0,4.92,124596,2677,54409794,29.9,25-34
Myanmar,MMR,Asia,2021,746.6,30.49,406224,16588,54409794,30.1,25-34
Myanmar,MMR,Asia,2022,189.0,0.41,102834,223,54409794,30.4,25-34
Myanmar,MMR,Asia,2023,0.6,0.0,326,0,54409794,30.7,25-34
Namibia,NAM,Africa,2020,942.1,8.07,23937,205,2540916,21.8,Under 25
Namibia,NAM,Africa,2021,4881.599999999999,134.91,124037,3428,2540916,21.8,Under 25
Namibia,NAM,Africa,2022,878.5,17.66,22322,449,2540916,21.9,Under 25
Namibia,NAM,Africa,2023,33.900000000000006,0.32,861,8,2540916,22.1,Under 25
Nepal,NPL,Asia,2020,894.4,6.37,260598,1856,29136808,24.8,Under 25
Nepal,NPL,Asia,2021,1948.8,33.41,567818,9735,29136808,25.2,25-34
Nepal,NPL,Asia,2022,592.1999999999999,1.45,172549,423,29136808,25.5,25-34
Nepal,NPL,Asia,2023,0.5,0.0,145,0,29136808,25.8,25-34
Netherlands,NLD,Europe,2020,4765.6,67.27000000000001,816579,11526,17134873,42.6,35-44
Netherlands,NLD,Europe,2021,13902.3,57.56,2382142,9864,17134873,42.5,35-44
Netherlands,NLD,Europe,2022,31998.1,13.44,5482834,2303,17134873,42.4,35-44
Netherlands,NLD,Europe,2023,182.6,0.05,31288,8,17134873,42.4,35-44
New Zealand,NZL,Oceania,2020,44.8,0.53,2159,26,4822233,37.6,35-44
New Zealand,NZL,Oceania,2021,248.0,0.4599999999999999,11959,22,4822233,38.0,35-44
New Zealand,NZL,Oceania,2022,43281.2,47.370000000000005,2087121,2284,4822233,38.2,35-44
New Zealand,NZL,Oceania,2023,2796.8,4.52,134869,218,4822233,38.4,35-44
Nicaragua,NIC,North America,2020,72.9,2.5,4829,165,6624554,25.4,25-34
Nicaragua,NIC,North America,2021,131.8,0.8,8731,52,6624554,25.7,25-34
Nicaragua,NIC,North America,2022,27.2,0.43,1802,28,6624554,26.1,25-34
Nicaragua,NIC,North America,2023,4.4,0.0,291,0,6624554,26.4,25-34
Niger,NER,Africa,2020,13.8,0.42,3339,99,24206636,15.9,Under 25
Niger,NER,Africa,2021,16.8,0.71,4066,172,24206636,16.0,Under 25
Niger,NER,Africa,2022,8.6,0.14,2082,34,24206636,16.2,Under 25
Niger,NER,Africa,2023,0.1,0.0,24,0,24206636,16.3,Under 25
Nigeria,NGA,Africa,2020,42.5,0.64,87609,1320,206139587,18.3,Under 25
Nigeria,NGA,Africa,2021,74.7,0.8400000000000001,153987,1732,206139587,18.5,Under 25
Nigeria,NGA,Africa,2022,12.1,0.05,24944,103,206139587,18.7,Under 25
Nigeria,NGA,Africa,2023,0.1,0.0,206,0,206139587,18.9,Under 25
North Macedonia,MKD,Europe,2020,3999.6,120.14,83325,2503,2083380,40.5,35-44
North Macedonia,MKD,Europe,2021,6802.6,261.93,141725,5457,2083380,40.8,35-44
North Macedonia,MKD,Europe,2022,5786.5,79.39,120556,1654,2083380,41.1,35-44
North Macedonia,MKD,Europe,2023,60.0,2.3,1250,48,2083380,41.5,35-44
Norway,NOR,Europe,2020,914.3,8.04,49566,436,5421242,40.2,35-44
Norway,NOR,Europe,2021,6358.2,16.03,344694,869,5421242,40.4,35-44
Norway,NOR,Europe,2022,19936.7,62.1,1080817,3365,5421242,40.5,35-44
Norway,NOR,Europe,2023,81.69999999999999,10.01,4429,543,5421242,40.6,35-44
Oman,OMN,Asia,2020,2523.5,29.37,128866,1499,5106622,29.7,25-34
Oman,OMN,Asia,2021,3458.7,51.24,176625,2617,5106622,29.8,25-34
Oman,OMN,Asia,2022,1834.2,10.04,93664,512,5106622,30.2,25-34
Oman,OMN,Asia,2023,5.8,0.0,296,0,5106622,30.4,25-34
Pakistan,PAK,Asia,2020,218.3,4.6,482208,10161,220892331,20.9,Under 25
Pakistan,PAK,Asia,2021,368.4,8.5,813769,18777,220892331,21.1,Under 25
Pakistan,PAK,Asia,2022,126.8,0.76,280090,1679,220892331,21.2,Under 25
Pakistan,PAK,Asia,2023,0.7,0.0,1547,0,220892331,21.4,Under 25
Panama,PAN,North America,2020,5719.7,93.23,246792,4022,4314768,29.8,25-34
Panama,PAN,North America,2021,5774.0,78.93,249133,3406,4314768,30.1,25-34
Panama,PAN,North America,2022,12233.7,26.4,527856,1139,4314768,30.4,25-34
Panama,PAN,North America,2023,184.3,0.98,7952,42,4314768,30.8,25-34
Papua New Guinea,PNG,Oceania,2020,8.6,0.09,771,9,8947027,22.8,Under 25
Papua New Guinea,PNG,Oceania,2021,395.4,6.49,35377,581,8947027,23.0,Under 25
Papua New Guinea,PNG,Oceania,2022,117.3,0.87,10495,79,8947027,23.2,Under 25
Papua New Guinea,PNG,Oceania,2023,1.9,0.01,170,1,8947027,23.5,Under 25
Paraguay,PRY,South America,2020,1513.2,31.700000000000003,107929,2262,7132530,26.7,25-34
Paraguay,PRY,South America,2021,5021.599999999999,201.36,358169,14362,7132530,26.9,25-34
Paraguay,PRY,South America,2022,4572.1,42.96,326106,3064,7132530,27.2,25-34
Paraguay,PRY,South America,2023,226.9,2.66,16183,190,7132530,27.5,25-34
Peru,PER,South America,2020,3078.8,282.27,1015137,93068,32971846,29.7,25-34
Peru,PER,South America,2021,3887.3,332.47,1281713,109623,32971846,29.9,25-34
Peru,PER,South America,2022,6556.5,47.15,2161798,15547,32971846,30.3,25-34
Peru,PER,South America,2023,87.69999999999999,3.96,28917,1306,32971846,30.6,25-34
Philippines,PHL,Asia,2020,432.6,8.44,474048,9250,109581085,25.3,25-34
Philippines,PHL,Asia,2021,2162.7000000000003,38.54,2369911,42232,109581085,25.7,25-34
Philippines,PHL,Asia,2022,1113.7,12.66,1220405,13874,109581085,26.1,25-34
Philippines,PHL,Asia,2023,11.8,0.73,12930,800,109581085,26.5,25-34
Poland,POL,Europe,2020,3421.2,75.44,1294808,28552,37846605,41.3,35-44
Poland,POL,Europe,2021,7433.5,180.99,2813325,68497,37846605,41.6,35-44
Poland,POL,Europe,2022,5972.2,56.77,2260274,21487,37846605,42.1,35-44
Poland,POL,Europe,2023,202.0,1.25,76451,473,37846605,42.5,35-44
Portugal,PRT,Europe,2020,4057.1,67.73,413691,6906,10196707,46.2,45+
Portugal,PRT,Europe,2021,9571.6,118.18,975987,12049,10196707,46.6,45+
Portugal,PRT,Europe,2022,40840.7,66.3,4164406,6759,10196707,47.0,45+
Portugal,PRT,Europe,2023,161.0,5.41,16417,552,10196707,47.4,45+
Qatar,QAT,Asia,2020,4992.400000000001,8.5,143835,245,2881060,32.8,25-34
Qatar,QAT,Asia,2021,3703.4,12.94,106698,373,2881060,33.1,25-34
Qatar,QAT,Asia,2022,8292.1,2.32,238900,67,2881060,33.8,25-34
Qatar,QAT,Asia,2023,196.5,0.1,5661,3,2881060,34.6,25-34
Romania,ROU,Europe,2020,3286.7,81.96,632286,15767,19237682,43.1,35-44
Romania,ROU,Europe,2021,6116.3,223.43,1176635,42983,19237682,43.3,35-44
Romania,ROU,Europe,2022,7795.0,44.830000000000005,1499578,8625,19237682,43.5,35-44
Romania,ROU,Europe,2023,195.3,1.89,37571,364,19237682,43.8,35-44
Russia,RUS,Europe,2020,2142.9,38.55,3127230,56258,145934460,39.8,35-44
Russia,RUS,Europe,2021,4929.0,168.86,7193109,246425,145934460,39.9,35-44
Russia,RUS,Europe,2022,7654.2,56.96,11170116,83124,145934460,40.2,35-44
Russia,RUS,Europe,2023,401.1,1.84,585342,2685,145934460,40.7,35-44
Rwanda,RWA,Africa,2020,64.9,0.71,8406,91,12952209,19.9,Under 25
Rwanda,RWA,Africa,2021,798.3,9.72,103397,1258,12952209,20.1,Under 25
Rwanda,RWA,Africa,2022,163.0,0.91,21112,117,12952209,20.3,Under 25
Rwanda,RWA,Africa,2023,2.1,0.01,272,1,12952209,20.6,Under 25
Saint Kitts and Nevis,KNA,North America,2020,60.2,0.0,32,0,53192,35.4,35-44
Saint Kitts and Nevis,KNA,North America,2021,5577.8,52.64,2967,28,53192,35.8,35-44
Saint Kitts and Nevis,KNA,North America,2022,6698.4,33.84,3563,18,53192,36.1,35-44
Saint Kitts and Nevis,KNA,North America,2023,65.8,1.88,35,1,53192,36.6,35-44
Saint Lucia,LCA,North America,2020,192.2,2.72,353,5,183629,33.8,25-34
Saint Lucia,LCA,North America,2021,7197.6,157.91,13217,290,183629,34.1,25-34
Saint Lucia,LCA,North America,2022,8806.3,62.06,16171,114,183629,34.5,25-34
Saint Lucia,LCA,North America,2023,143.2,0.0,263,0,183629,35.0,35-44
Saint Vincent and the Grenadines,VCT,North America,2020,108.9,0.0,121,0,110947,34.3,25-34
Saint Vincent and the Grenadines,VCT,North America,2021,5163.9,73.0,5729,81,110947,34.5,25-34
Saint Vincent and the Grenadines,VCT,North America,2022,3323.9,34.25,3688,38,110947,34.8,25-34
Saint Vincent and the Grenadines,VCT,North America,2023,46.0,3.61,51,4,110947,35.0,35-44
Samoa,WSM,Oceania,2020,1.0,0.0,2,0,196130,21.3,Under 25
Samoa,WSM,Oceania,2021,0.5,0.0,1,0,196130,21.2,Under 25
Samoa,WSM,Oceania,2022,8147.0,14.79,15979,29,196130,21.0,Under 25
Samoa,WSM,Oceania,2023,318.6,0.0,625,0,196130,20.8,Under 25
Sao Tome and Principe,STP,Africa,2020,462.6,7.77,1014,17,219161,19.6,Under 25
Sao Tome and Principe,STP,Africa,2021,1315.6,18.72,2883,41,219161,19.8,Under 25
Sao Tome and Principe,STP,Africa,2022,1086.9,9.14,2382,20,219161,20.0,Under 25
Sao Tome and Principe,STP,Africa,2023,1.0,0.0,2,0,219161,20.1,Under 25
Saudi Arabia,SAU,Asia,2020,1041.9,17.88,362726,6222,34813867,29.5,25-34
Saudi Arabia,SAU,Asia,2021,555.8,7.62,193495,2653,34813867,29.5,25-34
Saudi Arabia,SAU,Asia,2022,777.7,1.84,270748,642,34813867,30.0,25-34
Saudi Arabia,SAU,Asia,2023,9.1,0.28,3168,97,34813867,30.5,25-34
Senegal,SEN,Africa,2020,114.2,2.45,19121,409,16743930,19.5,Under 25
Senegal,SEN,Africa,2021,333.9,8.84,55909,1481,16743930,19.8,Under 25
Senegal,SEN,Africa,2022,82.8,0.46,13864,76,16743930,20.0,Under 25
Senegal,SEN,Africa,2023,0.2,0.02,34,3,16743930,20.2,Under 25
Serbia,SRB,Europe,2020,3867.6,36.74,337927,3211,8737370,44.5,35-44
Serbia,SRB,Europe,2021,11003.4,108.77,961408,9503,8737370,44.6,35-44
Serbia,SRB,Europe,2022,13126.6,55.0,1146919,4805,8737370,44.8,35-44
Serbia,SRB,Europe,2023,616.7,4.14,53883,362,8737370,45.0,45+
Seychelles,SYC,Africa,2020,229.9,0.0,226,0,98340,33.8,25-34
Seychelles,SYC,Africa,2021,24976.5,136.27,24562,134,98340,34.3,25-34
Seychelles,SYC,Africa,2022,25998.4,38.65,25567,38,98340,34.5,25-34
Seychelles,SYC,Africa,2023,315.2,0.0,310,0,98340,34.8,25-34
Sierra Leone,SLE,Africa,2020,32.6,0.98,2600,76,7976985,19.7,Under 25
Sierra Leone,SLE,Africa,2021,55.9,0.59,4460,47,7976985,19.9,Under 25
Sierra Leone,SLE,Africa,2022,8.8,0.04,702,3,7976985,20.2,Under 25
Sierra Leone,SLE,Africa,2023,0.0,0.0,0,0,7976985,20.4,Under 25
Singapore,SGP,Asia,2020,1001.5,0.51,58592,29,5850343,35.7,35-44
Singapore,SGP,Asia,2021,3774.2,13.66,220805,799,5850343,35.9,35-44
Singapore,SGP,Asia,2022,32866.7,15.09,1922814,883,5850343,35.8,35-44
Singapore,SGP,Asia,2023,565.4,0.19,33077,11,5850343,36.4,35-44
Slovakia,SVK,Europe,2020,5052.8,39.34,274605,2138,5434712,41.4,35-44
Slovakia,SVK,Europe,2021,20175.4,266.75,1096475,14497,5434712,41.7,35-44
Slovakia,SVK,Europe,2022,23672.000000000004,77.07,1286505,4188,5434712,42.1,35-44
Slovakia,SVK,Europe,2023,188.8,3.9,10261,212,5434712,42.5,35-44
Slovenia,SVN,Europe,2020,5875.7,129.72,122152,2697,2078932,44.0,35-44
Slovenia,SVN,Europe,2021,16445.6,139.11,341891,2892,2078932,44.3,35-44
Slovenia,SVN,Europe,2022,40568.6,68.25,843393,1419,2078932,44.7,35-44
Slovenia,SVN,Europe,2023,1167.1,3.37,24263,70,2078932,45.1,45+
Solomon Islands,SLB,Oceania,2020,2.6,0.0,17,0,652858,20.7,Under 25
Solomon Islands,SLB,Oceania,2021,1.2,0.0,7,0,652858,20.9,Under 25
Solomon Islands,SLB,Oceania,2022,3760.5,23.45,24551,153,652858,21.1,Under 25
Solomon Islands,SLB,Oceania,2023,0.0,0.0,0,0,652858,21.4,Under 25
Somalia,SOM,Africa,2020,29.7,0.83,4721,133,15893219,16.3,Under 25
Somalia,SOM,Africa,2021,118.4,7.57,18817,1203,15893219,16.3,Under 25
Somalia,SOM,Africa,2022,23.7,0.1699999999999999,3767,28,15893219,16.4,Under 25
Somalia,SOM,Africa,2023,0.1,0.0,16,0,15893219,16.5,Under 25
South Africa,ZAF,Africa,2020,1782.4,48.02,1057119,28480,59308690,28.5,25-34
South Africa,ZAF,Africa,2021,4048.5,105.69,2401112,62684,59308690,28.8,25-34
South Africa,ZAF,Africa,2022,996.2,19.27,590834,11429,59308690,29.1,25-34
South Africa,ZAF,Africa,2023,30.1,0.05,17852,30,59308690,29.4,25-34
South Korea,KOR,Asia,2020,120.3,1.78,61677,914,51269183,44.0,35-44
South Korea,KOR,Asia,2021,1118.5,9.17,573446,4701,51269183,44.7,35-44
South Korea,KOR,Asia,2022,55553.0,51.88,28481568,26600,51269183,45.2,45+
South Korea,KOR,Asia,2023,2923.2,3.65,1498701,1871,51269183,45.8,45+
South Sudan,SSD,Africa,2020,31.7,0.57,3547,63,11193729,18.2,Under 25
South Sudan,SSD,Africa,2021,104.2,0.65,11665,72,11193729,18.4,Under 25
South Sudan,SSD,Africa,2022,28.0,0.03,3134,3,11193729,18.8,Under 25
South Sudan,SSD,Africa,2023,0.0,0.0,0,0,11193729,19.1,Under 25
Spain,ESP,Europe,2020,4124.2,108.74,1928261,50843,46754783,44.7,35-44
Spain,ESP,Europe,2021,9339.0,82.49,4366429,38569,46754783,45.1,45+
Spain,ESP,Europe,2022,15804.9,59.23,7389547,27694,46754783,45.6,45+
Spain,ESP,Europe,2023,184.3,5.09,86169,2379,46754783,46.2,45+
Sri Lanka,LKA,Asia,2020,202.1,0.93,43278,199,21413250,33.2,25-34
Sri Lanka,LKA,Asia,2021,2540.2,69.00999999999999,543940,14777,21413250,33.4,25-34
Sri Lanka,LKA,Asia,2022,395.2,8.59,84624,1840,21413250,33.7,25-34
Sri Lanka,LKA,Asia,2023,0.7,0.06,150,13,21413250,33.9,25-34
Sudan,SDN,Africa,2020,58.1,3.35,25474,1468,43849269,18.9,Under 25
Sudan,SDN,Africa,2021,47.8,4.25,20961,1864,43849269,19.0,Under 25
Sudan,SDN,Africa,2022,39.0,3.8,17100,1666,43849269,19.2,Under 25
Sudan,SDN,Africa,2023,0.3,0.05,132,22,43849269,19.4,Under 25
Suriname,SUR,South America,2020,1058.7,20.8,6210,122,586634,28.6,25-34
Suriname,SUR,South America,2021,7881.6,181.88,46236,1067,586634,28.8,25-34
Suriname,SUR,South America,2022,4966.400000000001,34.77,29135,204,586634,29.0,25-34
Suriname,SUR,South America,2023,151.0,1.87,886,11,586634,29.2,25-34
Sweden,SWE,Europe,2020,4330.7,86.41,437370,8727,10099270,40.6,35-44
Sweden,SWE,Europe,2021,8687.8,65.18,877405,6583,10099270,40.7,35-44
Sweden,SWE,Europe,2022,13467.0,64.54,1360070,6517,10099270,40.8,35-44
Sweden,SWE,Europe,2023,242.4,19.31,24481,1950,10099270,41.1,35-44
Switzerland,CHE,Europe,2020,5225.9,90.95,452282,7873,8654618,42.7,35-44
Switzerland,CHE,Europe,2021,10171.6,50.18,880314,4344,8654618,42.8,35-44
Switzerland,CHE,Europe,2022,35436.5,22.6,3066894,1956,8654618,43.1,35-44
Switzerland,CHE,Europe,2023,166.3,0.8999999999999999,14392,78,8654618,43.5,35-44
Syria,SYR,Asia,2020,65.4,4.05,11449,711,17500657,21.7,Under 25
Syria,SYR,Asia,2021,222.0,12.52,38853,2194,17500657,22.2,Under 25
Syria,SYR,Asia,2022,40.8,1.52,7143,267,17500657,22.9,Under 25
Syria,SYR,Asia,2023,0.3,0.01,53,2,17500657,23.6,Under 25
Taiwan,TWN,Asia,2020,3.3000000000000003,0.02,787,5,23816775,43.0,35-44
Taiwan,TWN,Asia,2021,68.2,3.52,16244,838,23816775,43.6,35-44
Taiwan,TWN,Asia,2022,37076.0,60.48,8830307,14404,23816775,44.2,35-44
Taiwan,TWN,Asia,2023,4717.6,10.16,1123580,2420,23816775,44.9,35-44
Tajikistan,TJK,Asia,2020,143.2,0.92,13659,90,9537642,22.5,Under 25
Tajikistan,TJK,Asia,2021,40.1,0.37,3826,35,9537642,22.7,Under 25
Tajikistan,TJK,Asia,2022,3.0,0.0,286,0,9537642,22.8,Under 25
Tajikistan,TJK,Asia,2023,0.0,0.0,0,0,9537642,23.0,Under 25
Tanzania,TZA,Africa,2020,0.8,0.04,478,24,59734213,18.0,Under 25
Tanzania,TZA,Africa,2021,48.3,1.2,28851,717,59734213,18.1,Under 25
Tanzania,TZA,Africa,2022,21.8,0.19,13022,114,59734213,18.2,Under 25
Tanzania,TZA,Africa,2023,0.9,0.0,538,0,59734213,18.3,Under 25
Thailand,THA,Asia,2020,9.7,0.07,6771,49,69799978,39.5,35-44
Thailand,THA,Asia,2021,3175.6,31.0,2216568,21639,69799978,40.0,35-44
Thailand,THA,Asia,2022,3579.3,17.03,2498349,11887,69799978,40.4,35-44
Thailand,THA,Asia,2023,9.1,0.47,6352,328,69799978,40.9,35-44
Timor-Leste,TLS,Asia,2020,3.4000000000000004,0.0,45,0,1318442,21.2,Under 25
Timor-Leste,TLS,Asia,2021,1501.2,9.26,19792,122,1318442,21.5,Under 25
Timor-Leste,TLS,Asia,2022,269.40000000000003,1.22,3552,16,1318442,21.8,Under 25
Timor-Leste,TLS,Asia,2023,2.5,0.0,33,0,1318442,22.1,Under 25
Togo,TGO,Africa,2020,43.8,0.82,3626,68,8278737,19.5,Under 25
Togo,TGO,Africa,2021,320.3,2.17,26517,180,8278737,19.6,Under 25
Togo,TGO,Africa,2022,110.9,0.51,9182,42,8278737,19.8,Under 25
Togo,TGO,Africa,2023,0.6,0.0,50,0,8278737,19.9,Under 25
Tonga,TON,Oceania,2020,0.0,0.0,0,0,105697,21.9,Under 25
Tonga,TON,Oceania,2021,0.9,0.0,1,0,105697,21.8,Under 25
Tonga,TON,Oceania,2022,15336.3,11.36,16210,12,105697,21.7,Under 25
Tonga,TON,Oceania,2023,566.7,0.95,599,1,105697,21.7,Under 25
Trinidad and Tobago,TTO,North America,2020,511.0,9.08,7151,127,1399491,36.6,35-44
Trinidad and Tobago,TTO,North America,2021,6055.7,195.91,84749,2742,1399491,37.0,35-44
Trinidad and Tobago,TTO,North America,2022,6726.1,101.04,94130,1414,1399491,37.5,35-44
Trinidad and Tobago,TTO,North America,2023,277.6,5.14,3884,72,1399491,38.0,35-44
Tunisia,TUN,Africa,2020,1177.3,39.56,139142,4675,11818618,32.3,25-34
Tunisia,TUN,Africa,2021,4971.6,176.79,587576,20894,11818618,32.6,25-34
Tunisia,TUN,Africa,2022,3561.0,31.43,420861,3716,11818618,32.9,25-34
Tunisia,TUN,Africa,2023,30.1,0.47,3557,55,11818618,33.3,25-34
Turkey,TUR,Asia,2020,2618.7,24.75,2208586,20874,84339067,32.5,25-34
Turkey,TUR,Asia,2021,8624.5,72.89,7273824,61475,84339067,32.9,25-34
Turkey,TUR,Asia,2022,8818.0,22.35,7437018,18848,84339067,33.3,25-34
Turkey,TUR,Asia,2023,145.9,0.34,123051,287,84339067,33.7,25-34
Uganda,UGA,Africa,2020,77.0,0.55,35220,252,45741000,17.0,Under 25
Uganda,UGA,Africa,2021,230.6,6.64,105477,3036,45741000,17.3,Under 25
Uganda,UGA,Africa,2022,64.0,0.73,29273,334,45741000,17.4,Under 25
Uganda,UGA,Africa,2023,1.2,0.0,549,0,45741000,17.6,Under 25
Ukraine,UKR,Europe,2020,2485.4,44.09,1086960,19281,43733759,41.9,35-44
Ukraine,UKR,Europe,2021,6311.5,189.33,2760255,82801,43733759,42.2,35-44
Ukraine,UKR,Europe,2022,4151.4,37.96,1815563,16601,43733759,42.7,35-44
Ukraine,UKR,Europe,2023,112.4,1.36,49157,595,43733759,43.2,35-44
United Arab Emirates,ARE,Asia,2020,2101.1,6.76,207808,669,9890400,31.9,25-34
United Arab Emirates,ARE,Asia,2021,5602.6,15.11,554120,1495,9890400,31.9,25-34
United Arab Emirates,ARE,Asia,2022,2882.2,1.86,285062,184,9890400,31.9,25-34
United Arab Emirates,ARE,Asia,2023,62.8,0.01,6211,1,9890400,32.6,25-34
United Kingdom,GBR,Europe,2020,3677.0,140.07,2496168,95087,67886004,40.3,35-44
United Kingdom,GBR,Europe,2021,15488.8,121.91,10514728,82761,67886004,40.4,35-44
United Kingdom,GBR,Europe,2022,16726.4,57.73,11354886,39189,67886004,40.6,35-44
United Kingdom,GBR,Europe,2023,431.6,5.4,292996,3665,67886004,40.9,35-44
United States,USA,North America,2020,6137.2,106.41,20220004,350583,329466283,38.4,35-44
United States,USA,North America,2021,10528.5,144.16,34687857,474957,329466283,38.6,35-44
United States,USA,North America,2022,13918.6,81.13,45857094,267295,329466283,38.9,35-44
United States,USA,North America,2023,921.9,9.43,3037349,31069,329466283,39.2,35-44
Uruguay,URY,South America,2020,550.4,5.210000000000001,19122,181,3473727,36.2,35-44
Uruguay,URY,South America,2021,11350.1,172.41,394270,5989,3473727,36.4,35-44
Uruguay,URY,South America,2022,17232.4,40.09,598606,1392,3473727,36.6,35-44
Uruguay,URY,South America,2023,642.4,1.58,22315,55,3473727,36.9,35-44
Uzbekistan,UZB,Asia,2020,230.1,1.83,77012,613,33469199,27.7,25-34
Uzbekistan,UZB,Asia,2021,364.0,2.6,121827,871,33469199,27.8,25-34
Uzbekistan,UZB,Asia,2022,150.3,0.4599999999999999,50305,153,33469199,27.9,25-34
Uzbekistan,UZB,Asia,2023,6.0,0.0,2008,0,33469199,27.9,25-34
Vanuatu,VUT,Oceania,2020,0.3,0.0,1,0,292680,21.1,Under 25
Vanuatu,VUT,Oceania,2021,2.0,0.34,6,1,292680,21.1,Under 25
Vanuatu,VUT,Oceania,2022,4102.2,4.44,12006,13,292680,21.1,Under 25
Vanuatu,VUT,Oceania,2023,0.3,0.0,1,0,292680,21.2,Under 25
Venezuela,VEN,South America,2020,399.4,3.63,113573,1034,28435943,29.4,25-34
Venezuela,VEN,South America,2021,1164.4,15.12,331107,4300,28435943,29.7,25-34
Venezuela,VEN,South America,2022,372.6,1.76,105951,500,28435943,29.9,25-34
Venezuela,VEN,South America,2023,5.7,0.08,1621,23,28435943,30.1,25-34
Vietnam,VNM,Asia,2020,1.6,0.03,1557,29,97338583,32.3,25-34
Vietnam,VNM,Asia,2021,1777.0,33.24,1729707,32355,97338583,32.7,25-34
Vietnam,VNM,Asia,2022,10061.9,11.08,9794110,10785,97338583,33.2,25-34
Vietnam,VNM,Asia,2023,1.8,0.0,1751,0,97338583,33.7,25-34
West Bank and Gaza,PSE,Asia,2020,2705.1,27.44,137998,1400,5101416,20.4,Under 25
West Bank and Gaza,PSE,Asia,2021,6502.9,68.98,331741,3519,5101416,20.5,Under 25
West Bank and Gaza,PSE,Asia,2022,4576.8,15.47,233482,789,5101416,20.7,Under 25
West Bank and Gaza,PSE,Asia,2023,0.0,0.0,0,0,5101416,20.8,Under 25
Yemen,YEM,Asia,2020,7.1,2.05,2118,613,29825968,19.1,Under 25
Yemen,YEM,Asia,2021,26.8,4.59,7994,1370,29825968,19.1,Under 25
Yemen,YEM,Asia,2022,6.0,0.58,1791,173,29825968,19.2,Under 25
Yemen,YEM,Asia,2023,0.0,0.0,0,0,29825968,19.2,Under 25
Zambia,ZMB,Africa,2020,112.8,2.11,20737,389,18383956,18.0,Under 25
Zambia,ZMB,Africa,2021,1270.5,18.18,233570,3341,18383956,18.2,Under 25
Zambia,ZMB,Africa,2022,436.1,1.59,80173,293,18383956,18.4,Under 25
Zambia,ZMB,Africa,2023,47.4,0.18,8714,33,18383956,18.6,Under 25
Zimbabwe,ZWE,Africa,2020,93.4,2.44,13882,362,14862927,18.5,Under 25
Zimbabwe,ZWE,Africa,2021,1341.6,31.24,199401,4644,14862927,18.6,Under 25
Zimbabwe,ZWE,Africa,2022,314.3,4.26,46714,630,14862927,18.7,Under 25
Zimbabwe,ZWE,Africa,2023,28.9,0.22,4296,32,14862927,18.9,Under 25
